{"name":"devday-6회",
"id":6,
"title":"제6회 Daum DevDay",
"msg1":"Daum DevDay 6회에 개발자 여러분을 초대합니다!",
"msg2":"오픈 API 튜토리얼 세션",
"msg3":"",
"desc":"Daum DevDay 6회에 개발자 여러분을 초대합니다! 이번 Daum DevDay 6회 행사에는 오픈 API 튜토리얼 세션이 있습니다. 오픈 API에 익숙하지 않는 개발자에게는 좋은 기회가 될 것입니다.",
"image1":"listen.jpg",
"place":"서초구 양재동 다음커뮤니케이션 본사 3층",
"date":"2008-12-06 (1일)",
"itemindex":"",
"useProject":false,
"useGallery":false,
"items":{
	"galleries":[
        {"type": "image", "tn":"./assets/devday/6/listen.jpg", "url":"./assets/devday/6/listen.jpg", "title":"튜토리얼 듣는 참가자"},
    ]
}}