{"name":"devday-list","items":
	[
	{
		"id":15,
	    "title":"제15회 Daum DevDay",
	    "msg1":"제주에서 음성인식 앱을 만들어보세요!",
	    "msg2":"특강1 - 음성인식 기반기술",
	    "msg3":"특강2 - 음성인식 API 활용방안과 개발 유의사항",
	    "desc":"",
		"image1":"main.jpg",
		"place":"제주 다음스페이스.1",
		"date":"2014-02-28 (1박 2일)",
		"itemindex":"",
		"useProject":true,
		"useGallery":true
	},
	{
		"id":14,
	    "title":"제14회 Daum DevDay",
	    "msg1":"EVERNOTE, beSuccess, ETRI와 함께 진행",
	    "msg2":"특강1 - IT격변기 개발자의 진로는 어디로 향하는가?(김국현)",
	    "msg3":"특강2 - 마이피플 봇 API 소개 및 활용 사례",
	    "desc":"",
		"image1":"main.jpg",
		"place":"일산 동양인재개발원",
		"date":"2013-05-31 (1박 2일)",
		"itemindex":"",
		"useProject":true,
		"useGallery":true
	},
	{
		"id":13,
	    "title":"제13회 Daum DevDay",
	    "msg1":"Daum Space.1에서 진행된 첫 DevDay",
	    "msg2":"Mobile (Web)App에 특화된 프로젝트 진행",
	    "msg3":"경쟁이 아닌 상생을 위한 다양한 프로그램 운영",
	    "desc":"",
		"image1":"main.jpg",
		"place":"제주 다음스페이스.1",
		"date":"2013-02-01 (1박 2일)",
		"itemindex":"",
		"useProject":true,
		"useGallery":true
	},
	{
		"id":12,
	    "title":"제12회 Daum DevDay",
	    "msg1":"겪어 본 적 없는 예상 밖 개발자 행사!",
	    "msg2":"Daum 오픈 API 개발자들의 멘토링 및 다양한 개발 도구 소개",
	    "msg3":"숙식 제공 및 다양한 참여형 프로그램과 간식 제공",
	    "desc":"오픈 API를 이용한 창의적인 아이디어 구현 및 개발자간 교류 확대를 위하여 아래와 같이 열두번째 디브데이를 개최합니다. 이틀간 아이디어 구현에 푹 빠지실 개발자 여러분의 많은 참여를 바랍니다.",
		"image1":"main.jpg",
		"place":"강원도 홍천 대명 비발디파크",
		"date":"2012-01-29 (1박 2일)",
		"itemindex":"",
		"useProject":true,
		"useGallery":true
	},
	{
		"id":11,
	    "title":"제11회 Daum DevDay",
	    "msg1":"DevOn과 함께 DevDay를 시작합니다!",
	    "msg2":"Daum 오픈API의 새로 바뀌는 정책 소개",
	    "msg3":"모바일 지도API",
	    "desc":"작년 6월 10회 DevDay를 마지막으로 열리지 않았던 DevDay를 다시 시작합니다! 이번 DevDay는 저희가 이번에 처음으로 주최하는 DevOn이라는 행사와 함께 아래와 같이 진행됩니다. 이번 행사에서는 Daum 오픈API의 새로 바뀌는 정책 소개, 업데이트된 지도API, 추후 공개하게 될 모바일 지도API에 대해서 다룰 예정입니다.",
		"image1":"main.jpg",
		"place":"신도림 쉐라톤 서울 호텔 디큐브시티 7F",
		"date":"2011-11-25 (1일)",
		"itemindex":"",
		"useProject":false,
		"useGallery":true
	},
	{
		"id":10,
	    "title":"제10회 Daum DevDay",
	    "msg1":"DevDay 참석하고 iPad 받자!",
	    "msg2":"라이브코딩!!",
	    "msg3":"",
	    "desc":"제10회 Daum DevDay(부제: Dev on Daum) DevDay 참석하고 iPad 받자! 제10회 Daum DevDay(부제: Dev on Daum)는 Daum 오픈 API 관련 튜토리얼과 참가자들이 직접 코딩에 참여하는 세션으로 진행되는 행사로 다양한 이벤트와 경품이 함께 합니다.",
		"image1":"peoples.jpg",
		"place":"서울시 서초구 서초로 398 KISA 아카데미",
		"date":"2010-06-26 (1일)",
		"itemindex":"",
		"useProject":true,
		"useGallery":true
	},
	{
		"id":9,
	    "title":"제9회 Daum DevDay",
	    "msg1":"Daum DevDay(부제 : 나만의 웹에디터 만들기)가 다음과 같이 열립니다!",
	    "msg2":"Daum 오픈에디터를 주요 주제",
	    "msg3":"",
	    "desc":"Daum DevDay(부제 : 나만의 웹에디터 만들기)가 다음과 같이 열립니다! 이번 행사에서는 지난 9월에 오픈소스로 공개한 Daum 오픈에디터를 주요 주제로 다루게 됩니다.",
		"image1":"livecoding.jpg",
		"place":"서울 파트너하우스",
		"date":"2009-11-14 (1일)",
		"itemindex":"",
		"useProject":true,
		"useGallery":true
	},
	{
		"id":8,
	    "title":"제8회 Daum DevDay",
	    "msg1":"환상의 섬 제주에 여러분을 초대합니다!",
	    "msg2":"라이브코딩!!",
	    "msg3": "창의적인 아이디어와 개발 열정을 기대!!",
	    "desc": "환상의 섬 제주에 여러분을 초대합니다! Daum DevDay는 직접 제안한 프로젝트를 라이브코딩으로 개발하는 행사로 다양한 이벤트와 푸짐한 경품이 함께 합니다. 라이브코딩을 통한 여러분들의 창의적인 아이디어와 개발 열정을 기대해 봅니다!",
		"image1":"peoples.jpg",
		"place":"제주 GMC",
		"date":"2009-08-28 (1박 2일)",
		"itemindex":"",
		"useProject":true,
		"useGallery":true
	},
	{
		"id":7,
	    "title":"제7회 Daum DevDay",
	    "msg1":"기다리고 기다리던 7번째 Daum DevDay가 다음과 같이 열립니다!",
	    "msg2":"튜토리얼 세션",
	    "msg3":"YouFree Developer를 이용한 YouFree Basic 서비스 개발",
	    "desc":"기다리고 기다리던 7번째 Daum DevDay가 다음과 같이 열립니다! 이번 행사에서는 다음과 같은 튜토리얼 세션이 있을 예정입니다. YouFree Developer를 이용한 YouFree Basic 서비스 개발 (특별상을 수상할 예정이오니 미리 사용해 보시길 권장합니다.)",
		"image1":"sinwonchul.jpg",
		"place":"Daum UCC오피스(홍익대학교 홍문관 14층)",
		"date":"2009-05-30 (1일)",
		"itemindex":"",
		"useProject":true,
		"useGallery":true
	},
	{
		"id":6,
	    "title":"제6회 Daum DevDay",
	    "msg1":"Daum DevDay 6회에 개발자 여러분을 초대합니다!",
	    "msg2":"오픈 API 튜토리얼 세션",
	    "msg3":"",
	    "desc":"Daum DevDay 6회에 개발자 여러분을 초대합니다! 이번 Daum DevDay 6회 행사에는 오픈 API 튜토리얼 세션이 있습니다. 오픈 API에 익숙하지 않는 개발자에게는 좋은 기회가 될 것입니다.",
		"image1":"listen.jpg",
		"place":"서초구 양재동 다음커뮤니케이션 본사 3층",
		"date":"2008-12-06 (1일)",
		"itemindex":"",
		"useProject":false,
		"useGallery":false
	},
	{
		"id":5,
	    "title":"제5회 Daum DevDay",
	    "msg1":"환상의 섬 제주에 여러분을 초대합니다!",
	    "msg2":"오픈API를 이용해 직접 어플리케이션 개발을 진행해 보는 행사로 다양한 이벤트와 푸짐한 경품",
	    "msg3":"Daum 오픈API를 이용해 팀 단위로 라이브 코딩",
	    "desc":"환상의 섬 제주에 여러분을 초대합니다! Daum DevDay는 Daum 오픈API를 이용해 직접 어플리케이션 개발을 진행해 보는 행사로 다양한 이벤트와 푸짐한 경품이 함께 합니다. 특히 이번 5회 행사는 서울을 떠나 환상의 섬 제주에서 여러분과 함께합니다. Daum DevDay는 직접 제안한 프로젝트를 Daum 오픈API를 이용해 팀 단위로 라이브 코딩을 하는 자리입니다. 본인이 원하는 어떠한 언어라도 사용할 수 있으며 무엇보다도 창의적인 아이디어와 개발하고자 하는 열정이 중요합니다.",
		"image1":"lunch2.jpg",
		"place":"제주 GMC",
		"date":"2008-08-29 (1박 2일)",
		"itemindex":"",
		"useProject":true,
		"useGallery":true
	},
	{
		"id":4,
	    "title":"제4회 Daum DevDay",
	    "msg1":"Daum DevDay 4회에 개발자 여러분을 초대합니다!",
	    "msg2":"라이브 코딩 행사!!",
	    "msg3":"",
	    "desc":"Daum DevDay 4회에 개발자 여러분을 초대합니다! 지난 번과 마찬가지로 직접 프로젝트를 제안하고 다양한 언어를 통해 실제로 현장에서 구현해보는 라이브 코딩 행사입니다. 주말 밤을 코딩으로 불살라 보실 열정 가득한 분들을 모십니다. 참가자에게는 무료 식사와 함께 푸짐한 경품을 드립니다.",
		"image1":"fighting.jpg",
		"place":"서초구 양재동 다음커뮤니케이션 서관 3층",
		"date":"2008-06-27 (1박 2일)",
		"itemindex":"",
		"useProject":true,
		"useGallery":true
	},
	{
		"id":3,
	    "title":"Daum DevDay 2008",
	    "msg1":"Daum DevDay 2008에 개발자 여러분을 초대합니다!",
	    "msg2":"하룻동안 어플리케이션 개발을 직접 진행",
	    "msg3":"다양한 이벤트와 푸짐한 경품",
	    "desc":"Daum DevDay 2008에 개발자 여러분을 초대합니다! Daum DevDay 2008은 Daum 오픈 API를 이용해 하룻동안 어플리케이션 개발을 직접 진행해 보는 행사로 다양한 이벤트와 푸짐한 경품이 함께 합니다.",
		"image1":"group.jpg",
		"place":"서초구 양재동 다음커뮤니케이션 본사 3층",
		"date":"2008-03-29 (1일)",
		"itemindex":"",
		"useProject":true,
		"useGallery":true
	},
	{
		"id":2,
	    "title":"Daum DevDay 2007",
	    "msg1":"Daum DevDay 2007에 개발자 여러분을 초대합니다!",
	    "msg2":"국내 오픈API의 현황 및 구현 사례를 살펴 보고 향후 전망 및 발전 방향을 가늠",
	    "msg3":"",
	    "desc":"Daum DevDay 2007에 개발자 여러분을 초대합니다! 국내 오픈API의 현황 및 구현 사례를 살펴 보고 향후 전망 및 발전 방향을 가늠해 보는 <Daum DevDay 2007> 행사에 오픈API 개발자 여러분을 널리 널리 초대합니다. 행사에 참가하시면 다음은 물론 위자드웍스, 오픈마루, 미투데이 등 API를 공개하고 외부 개발자들의 많은 참여를 기대하고 있는 업체들의 API를 맛보고 향후 발전 방향을 함께 모색할 수 있는 기회를 만나실 수 있답니다.",
		"image1":"together.jpg",
		"place":"서초구 양재동 다음커뮤니케이션 본사 3층",
		"date":"2007-09-01 (1일)",
		"itemindex":"",
		"useProject":false,
		"useGallery":true
	},
	{
		"id":1,
	    "title":"Daum DevNight 2007",
	    "msg1":"Daum DevNight 2007 에 여러분을 초대합니다!",
	    "msg2":"밤샘 코딩!!",
	    "msg3":"하룻밤 동안 오픈 API에 대한 대화와 친목 그리고 아이디어를 구현해 보는 실험적인 행사",
	    "desc":"Daum DevNight 2007 에 여러분을 초대합니다! Daum 개발자 네트워크에서는 외부 개발자 및 사용자가 Daum의 오픈 API를 이용하여 다양한 부가 서비스를 얻을 수 있도록 돕고 있습니다. Daum 오픈 API는 대학생 및 창업 희망자에게는 창의적인 서비스를 만들 수 있는 기반을 제공해 드리고, 기존 서비스 개발자에게는 더 많은 부가 서비스를 제공할 수 있습니다. 본 행사는 Daum 오픈 API를 이용하는 외부 개발자를 초청해 하룻밤 동안 오픈 API에 대한 대화와 친목 그리고 아이디어를 구현해 보는 실험적인 행사입니다. 해외에서는 야후! 개발자 네트워크에서 Open Hack Day라는 행사를 진행한 바 있습니다.",
		"image1":"project.jpg",
		"place":"서초구 양재동 다음커뮤니케이션 본사 3층",
		"date":"2007-06-01 (1박 2일)",
		"itemindex":"",
		"useProject":true,
		"useGallery":true
	}
	]
}